{"gvf": [[[15.57, 41.2], [45.4, 60.66], [62.06, 77.29], [79.66, 100.1], [111.8, 155.3]], [0.93133839170431, 0.7248757193031732, 0.756850123831985, 0.7386362917660153]], "oai": [[[15.57, 41.2], [45.4, 55.44], [56.35, 71.61], [72.76, 100.1], [111.8, 155.3]], [0.9255424539452779, 0.7302258224073982, 0.7795877972237811, 0.7036454940453977]], "mi": [[[15.57, 32.69], [33.26, 41.2], [45.4, 57.4], [57.49, 71.61], [72.76, 155.3]], [0.8308518898371546, 0.6298383413799542, 0.8624986397790059, 0.5338650205865424]], "bai": [[[15.57, 36.24], [37.57, 49.38], [50.11, 66.32], [67.04, 96.37], [96.78, 155.3]], [0.913668495355815, 0.6960041156585309, 0.7211905404181319, 0.7760082978629208]]}